{
	"name": "sql-parser",
	"build": {
		"dockerfile": "Dockerfile"
	},
	"privileged": true,
	"mounts": [
		"source=pgdata,target=/var/lib/pgsql,type=volume"
	],
	"customizations": {
		"vscode": {
			"settings": {
				"extensions.ignoreRecommendations": true,
				"json.format.enable": true,
				"files.eol": "\r\n",
				"editor.tabSize": 4,
				"editor.rulers": [
					80,
					120
				],
				"editor.renderWhitespace": "all",
				"C_Cpp.autoAddFileAssociations": false,
				"C_Cpp.default.cppStandard": "c++17",
				"[json]": {
					"editor.formatOnSave": true
				}
			},
			"extensions": [
				"MS-CEINTL.vscode-language-pack-ja",
				"eamodio.gitlens",
				"yzhang.markdown-all-in-one",
				"shd101wyy.markdown-preview-enhanced",
				"ms-vscode.cpptools-extension-pack",
				"donjayamanne.python-extension-pack"
			]
		}
	}
}