{
	"name": "cpp-async-task",
	"build": {
		"dockerfile": "Dockerfile"
	},
	"customizations": {
		"vscode": {
			"extensions": [
				"MS-CEINTL.vscode-language-pack-ja",
				"eamodio.gitlens",
				"yzhang.markdown-all-in-one",
				"shd101wyy.markdown-preview-enhanced",
				"ms-vscode.cpptools-extension-pack",
				"ms-azuretools.vscode-docker"
			],
			"settings": {
				"extensions.ignoreRecommendations": true,
				"json.format.enable": true,
				"files.eol":"\r\n",
				"editor.tabSize": 4
			}
		}
	}
}